{
    "output_dim": 1036,
    "num_layers": 1,
    "hidden_layer_size": 2048,
    "dropout_rate": 0.35101382654237145,
    "activation_fn": "tanh",
    "optimizer": {
        "name": "Adam",
        "lr": 0.00024867932860590726
    },
    "loss_fn": "BCEWithLogitsLoss",
    "threshold": 0.3313971142552054,
    "lr_scheduler": {
        "name": "CyclicLR",
        "base_lr": 0.0004322652406083012,
        "max_lr": 0.0030954522709287697,
        "step_size_up": 4000,
        "mode_cyclic": "triangular2"
    },
    "batch_size": 8
}