{
    "output_dim": 1036,
    "num_layers": 2,
    "hidden_layer_size": 1024,
    "dropout_rate": 0.27246957483661804,
    "activation_fn": "elu",
    "optimizer": {
        "name": "RMSprop",
        "lr": 6.093821055908752e-05
    },
    "loss_fn": "BCEWithLogitsLoss",
    "threshold": 0.3324656743194698,
    "lr_scheduler": {
        "name": "CyclicLR",
        "base_lr": 5.3038455062644186e-05,
        "max_lr": 0.004337192943990591,
        "step_size_up": 2000,
        "mode_cyclic": "exp_range"
    },
    "batch_size": 64
}