feature,importance
HypOpHiddenSize,0.002875938381174007
enc_BloomFilter,0.004450263558192693
drop_Both,0.004604544526514662
drop_Eve,0.004839634455841713
enc_TwoStepHash,0.005324452169362496
HypOpNumLayers,0.007003024472659237
HypOpBatchSize,0.008082327619018408
enc_TabMinHash,0.00840338017726294
HypOpEpochs,0.01610204304177913
Overlap,0.027740078503104525
HypOpDropout,0.04629929831867504
LenVal,0.36619187017446797
LenTrain,0.49808314460194714
