feature,importance
drop_Both,0.006528564933648941
drop_Eve,0.007495953521426678
HypOpNumLayers,0.007877338469169914
enc_TwoStepHash,0.009569260468331144
enc_BloomFilter,0.01184308386505243
HypOpBatchSize,0.02435897824459188
enc_TabMinHash,0.02791756125949992
HypOpHiddenSize,0.02814408025063049
Overlap,0.04297307212841717
HypOpDropout,0.129959983835577
HypOpEpochs,0.15459418197056485
LenVal,0.17392488898587222
LenTrain,0.3748130520672174
