{
    "output_dim": 1036,
    "num_layers": 1,
    "hidden_layer_size": 2048,
    "dropout_rate": 0.3839952789938992,
    "activation_fn": "elu",
    "optimizer": {
        "name": "RMSprop",
        "lr": 0.00033093953861941934
    },
    "loss_fn": "BCEWithLogitsLoss",
    "threshold": 0.3119653909684413,
    "lr_scheduler": {
        "name": "CosineAnnealingLR",
        "T_max": 16.77679658802503,
        "eta_min": 1e-06
    },
    "batch_size": 16
}