{
    "output_dim": 1036,
    "num_layers": 1,
    "hidden_layer_size": 2048,
    "dropout_rate": 0.14850349749028718,
    "activation_fn": "tanh",
    "optimizer": {
        "name": "RMSprop",
        "lr": 9.850259052824145e-05
    },
    "loss_fn": "BCEWithLogitsLoss",
    "threshold": 0.7506661912596946,
    "lr_scheduler": {
        "name": "CyclicLR",
        "base_lr": 0.0001584998862813243,
        "max_lr": 0.0022995187653295944,
        "step_size_up": 2000,
        "mode_cyclic": "triangular2"
    },
    "batch_size": 8
}