{
    "output_dim": 1036,
    "num_layers": 1,
    "hidden_layer_size": 2048,
    "dropout_rate": 0.385007068167575,
    "activation_fn": "tanh",
    "optimizer": {
        "name": "RMSprop",
        "lr": 0.00041903973663428483
    },
    "loss_fn": "SoftMarginLoss",
    "threshold": 0.3600151261746288,
    "lr_scheduler": {
        "name": "StepLR",
        "step_size": 20,
        "gamma": 0.2160604031838938
    },
    "batch_size": 32
}