{
    "output_dim": 1036,
    "num_layers": 1,
    "hidden_layer_size": 4096,
    "dropout_rate": 0.306067601641442,
    "activation_fn": "tanh",
    "optimizer": {
        "name": "RMSprop",
        "lr": 0.000783558769725413
    },
    "loss_fn": "MultiLabelSoftMarginLoss",
    "threshold": 0.30164547546157794,
    "lr_scheduler": {
        "name": "CyclicLR",
        "base_lr": 0.00023248540900717843,
        "max_lr": 0.00264687412005037,
        "step_size_up": 4000,
        "mode_cyclic": "triangular2"
    },
    "batch_size": 16
}