{
    "output_dim": 1036,
    "num_layers": 1,
    "hidden_layer_size": 1024,
    "dropout_rate": 0.13166361492001868,
    "activation_fn": "relu",
    "optimizer": {
        "name": "RMSprop",
        "lr": 6.375979970527396e-05
    },
    "loss_fn": "BCEWithLogitsLoss",
    "threshold": 0.30364788650105334,
    "lr_scheduler": {
        "name": "CyclicLR",
        "base_lr": 0.0002058928140238642,
        "max_lr": 0.03411622523610319,
        "step_size_up": 2000,
        "mode_cyclic": "exp_range"
    },
    "batch_size": 64
}