{
    "output_dim": 1036,
    "num_layers": 1,
    "hidden_layer_size": 2048,
    "dropout_rate": 0.21235561245945245,
    "activation_fn": "elu",
    "optimizer": {
        "name": "AdamW",
        "lr": 0.0005817870021834941
    },
    "loss_fn": "BCEWithLogitsLoss",
    "threshold": 0.3180423265828326,
    "lr_scheduler": {
        "name": "CosineAnnealingLR",
        "T_max": 11.304670062739905,
        "eta_min": 1e-06
    },
    "batch_size": 16
}