{
    "output_dim": 1036,
    "num_layers": 1,
    "hidden_layer_size": 1024,
    "dropout_rate": 0.3614869463880334,
    "activation_fn": "elu",
    "optimizer": {
        "name": "RMSprop",
        "lr": 0.000306900247191682
    },
    "loss_fn": "SoftMarginLoss",
    "threshold": 0.3600432730413366,
    "lr_scheduler": {
        "name": "StepLR",
        "step_size": 10,
        "gamma": 0.18768944639894178
    },
    "batch_size": 8
}