{
    "output_dim": 1036,
    "num_layers": 2,
    "hidden_layer_size": 1024,
    "dropout_rate": 0.3516388198764274,
    "activation_fn": "tanh",
    "optimizer": {
        "name": "RMSprop",
        "lr": 0.00047319334789429617
    },
    "loss_fn": "MultiLabelSoftMarginLoss",
    "threshold": 0.34348340464232263,
    "lr_scheduler": {
        "name": "CyclicLR",
        "base_lr": 2.3287694217185852e-05,
        "max_lr": 0.007067860068234647,
        "step_size_up": 4000,
        "mode_cyclic": "exp_range"
    },
    "batch_size": 16
}