{
    "output_dim": 1036,
    "num_layers": 1,
    "hidden_layer_size": 2048,
    "dropout_rate": 0.12322070456384845,
    "activation_fn": "tanh",
    "optimizer": {
        "name": "AdamW",
        "lr": 0.0009641359385383357
    },
    "loss_fn": "BCEWithLogitsLoss",
    "threshold": 0.6392135620502863,
    "lr_scheduler": {
        "name": "CosineAnnealingLR",
        "T_max": 47.739956715114616,
        "eta_min": 1e-05
    },
    "batch_size": 8
}