{
    "output_dim": 1036,
    "num_layers": 1,
    "hidden_layer_size": 256,
    "dropout_rate": 0.11027892960075712,
    "activation_fn": "elu",
    "optimizer": {
        "name": "RMSprop",
        "lr": 2.4642143584655676e-05
    },
    "loss_fn": "BCEWithLogitsLoss",
    "threshold": 0.404553316486121,
    "lr_scheduler": {
        "name": "CyclicLR",
        "base_lr": 9.343433720494357e-05,
        "max_lr": 0.03711492970345529,
        "step_size_up": 2000,
        "mode_cyclic": "triangular"
    },
    "batch_size": 8
}