{
    "output_dim": 1036,
    "num_layers": 2,
    "hidden_layer_size": 1024,
    "dropout_rate": 0.20091759788526953,
    "activation_fn": "selu",
    "optimizer": {
        "name": "Adam",
        "lr": 0.0008296254836337319
    },
    "loss_fn": "BCEWithLogitsLoss",
    "threshold": 0.30279063369832937,
    "lr_scheduler": {
        "name": "CosineAnnealingLR",
        "T_max": 47.88519297430859,
        "eta_min": 1e-06
    },
    "batch_size": 16
}